Path,Size,Size (bytes),Modified
/media/Downloads/qbittorrent/complete/radarr/Forrest Gump (1994) (2160p iT WEB-DL Hybrid H265 DV HDR10+ DDP Atmos 5.1 English - HONE) [REPACK].mkv,24.99 GiB,26828998556,2026-06-14T12:52:00.151973043-07:00
/media/Downloads/qbittorrent/complete/cross-seed/DarkPeers/28.Years.Later.2025.UHD.BluRay.2160p.DDP.Atmos.5.1.DV.HDR.x265-hallowed.mkv--fda55474/28.Years.Later.2025.UHD.BluRay.2160p.DDP.Atmos.5.1.DV.HDR.x265-hallowed.mkv,15.35 GiB,16479815712,2025-09-19T08:26:57.756355311-07:00
/media/Downloads/qbittorrent/complete/cross-seed/Seedpool/28.Years.Later.2025.UHD.BluRay.2160p.DDP.Atmos.5.1.DV.HDR.x265-hallowed.mkv--112d5661/28.Years.Later.2025.UHD.BluRay.2160p.DDP.Atmos.5.1.DV.HDR.x265-hallowed.mkv,15.35 GiB,16479815712,2025-09-19T08:26:57.756355311-07:00
/media/Downloads/qbittorrent/complete/cross-seed/Seedpool/The.Secret.Life.of.Bees.2008.1080p.DSNP.WEB-DL.DDP5.1.H.264-GPRS.mkv--76de625b/The.Secret.Life.of.Bees.2008.1080p.DSNP.WEB-DL.DDP5.1.H.264-GPRS.mkv,6.71 GiB,7206558565,2026-06-14T08:49:00.274426706-07:00
/media/Downloads/qbittorrent/complete/radarr/The.Secret.Life.of.Bees.2008.1080p.DSNP.WEB-DL.DDP5.1.H.264-GPRS.mkv,6.71 GiB,7206558565,2026-06-14T08:49:00.274426706-07:00
/media/Downloads/qbittorrent/complete/cross-seed/AnimeZ/Solo.Leveling.S02.BluRay.1080p.FLAC.2.0.AVC.HYBRID.REMUX-FraMeSToR/Solo.Leveling.S02E06.Don't.Look.Down.on.My.Guys.1080p.FLAC.2.0.AVC.HYBRID.REMUX-FraMeSToR.mkv,6.62 GiB,7109649919,2026-03-22T09:59:13.715665993-07:00
/media/Downloads/qbittorrent/complete/cross-seed/TorrentLeech/Solo.Leveling.S02.BluRay.1080p.FLAC.2.0.AVC.HYBRID.REMUX-FraMeSToR/Solo.Leveling.S02E06.Don't.Look.Down.on.My.Guys.1080p.FLAC.2.0.AVC.HYBRID.REMUX-FraMeSToR.mkv,6.62 GiB,7109649919,2026-03-22T09:59:13.715665993-07:00
/media/Downloads/qbittorrent/complete/cross-seed/AnimeZ/Solo.Leveling.S02.BluRay.1080p.FLAC.2.0.AVC.HYBRID.REMUX-FraMeSToR/Solo.Leveling.S02E12.Are.You.the.King.of.Humans.1080p.FLAC.2.0.AVC.HYBRID.REMUX-FraMeSToR.mkv,6.62 GiB,7109476078,2026-03-22T10:11:19.972285749-07:00
/media/Downloads/qbittorrent/complete/cross-seed/TorrentLeech/Solo.Leveling.S02.BluRay.1080p.FLAC.2.0.AVC.HYBRID.REMUX-FraMeSToR/Solo.Leveling.S02E12.Are.You.the.King.of.Humans.1080p.FLAC.2.0.AVC.HYBRID.REMUX-FraMeSToR.mkv,6.62 GiB,7109476078,2026-03-22T10:11:19.972285749-07:00
/media/Downloads/qbittorrent/complete/cross-seed/AnimeZ/Solo.Leveling.S02.BluRay.1080p.FLAC.2.0.AVC.HYBRID.REMUX-FraMeSToR/Solo.Leveling.S02E02.I.Suppose.You.Aren't.Aware.1080p.FLAC.2.0.AVC.HYBRID.REMUX-FraMeSToR.mkv,6.62 GiB,7103422385,2026-03-22T09:51:27.597831567-07:00
/media/Downloads/qbittorrent/complete/cross-seed/TorrentLeech/Solo.Leveling.S02.BluRay.1080p.FLAC.2.0.AVC.HYBRID.REMUX-FraMeSToR/Solo.Leveling.S02E02.I.Suppose.You.Aren't.Aware.1080p.FLAC.2.0.AVC.HYBRID.REMUX-FraMeSToR.mkv,6.62 GiB,7103422385,2026-03-22T09:51:27.597831567-07:00
/media/Downloads/qbittorrent/complete/cross-seed/AnimeZ/Solo.Leveling.S02.BluRay.1080p.FLAC.2.0.AVC.HYBRID.REMUX-FraMeSToR/Solo.Leveling.S02E03.Still.a.Long.Way.to.Go.1080p.FLAC.2.0.AVC.HYBRID.REMUX-FraMeSToR.mkv,6.61 GiB,7100655860,2026-03-22T09:53:03.153388021-07:00
/media/Downloads/qbittorrent/complete/cross-seed/TorrentLeech/Solo.Leveling.S02.BluRay.1080p.FLAC.2.0.AVC.HYBRID.REMUX-FraMeSToR/Solo.Leveling.S02E03.Still.a.Long.Way.to.Go.1080p.FLAC.2.0.AVC.HYBRID.REMUX-FraMeSToR.mkv,6.61 GiB,7100655860,2026-03-22T09:53:03.153388021-07:00
/media/Downloads/qbittorrent/complete/cross-seed/AnimeZ/Solo.Leveling.S02.BluRay.1080p.FLAC.2.0.AVC.HYBRID.REMUX-FraMeSToR/Solo.Leveling.S02E13.On.to.the.Next.Target.1080p.FLAC.2.0.AVC.HYBRID.REMUX-FraMeSToR.mkv,6.61 GiB,7099192382,2026-03-22T10:11:46.268163358-07:00
/media/Downloads/qbittorrent/complete/cross-seed/TorrentLeech/Solo.Leveling.S02.BluRay.1080p.FLAC.2.0.AVC.HYBRID.REMUX-FraMeSToR/Solo.Leveling.S02E13.On.to.the.Next.Target.1080p.FLAC.2.0.AVC.HYBRID.REMUX-FraMeSToR.mkv,6.61 GiB,7099192382,2026-03-22T10:11:46.268163358-07:00
/media/Downloads/qbittorrent/complete/cross-seed/AnimeZ/Solo.Leveling.S02.BluRay.1080p.FLAC.2.0.AVC.HYBRID.REMUX-FraMeSToR/Solo.Leveling.S02E01.You.Aren't.E.Rank.Are.You.1080p.FLAC.2.0.AVC.HYBRID.REMUX-FraMeSToR.mkv,6.61 GiB,7093021469,2026-03-22T09:50:09.046196186-07:00
/media/Downloads/qbittorrent/complete/cross-seed/TorrentLeech/Solo.Leveling.S02.BluRay.1080p.FLAC.2.0.AVC.HYBRID.REMUX-FraMeSToR/Solo.Leveling.S02E01.You.Aren't.E.Rank.Are.You.1080p.FLAC.2.0.AVC.HYBRID.REMUX-FraMeSToR.mkv,6.61 GiB,7093021469,2026-03-22T09:50:09.046196186-07:00
/media/Downloads/qbittorrent/complete/cross-seed/AnimeZ/Solo.Leveling.S02.BluRay.1080p.FLAC.2.0.AVC.HYBRID.REMUX-FraMeSToR/Solo.Leveling.S02E08.Looking.Up.Was.Tiring.Me.Out.1080p.FLAC.2.0.AVC.HYBRID.REMUX-FraMeSToR.mkv,6.6 GiB,7091549051,2026-03-22T10:03:28.458480304-07:00
/media/Downloads/qbittorrent/complete/cross-seed/TorrentLeech/Solo.Leveling.S02.BluRay.1080p.FLAC.2.0.AVC.HYBRID.REMUX-FraMeSToR/Solo.Leveling.S02E08.Looking.Up.Was.Tiring.Me.Out.1080p.FLAC.2.0.AVC.HYBRID.REMUX-FraMeSToR.mkv,6.6 GiB,7091549051,2026-03-22T10:03:28.458480304-07:00
/media/Downloads/qbittorrent/complete/cross-seed/AnimeZ/Solo.Leveling.S02.BluRay.1080p.FLAC.2.0.AVC.HYBRID.REMUX-FraMeSToR/Solo.Leveling.S02E11.It's.Going.to.Get.Even.More.Intense.1080p.FLAC.2.0.AVC.HYBRID.REMUX-FraMeSToR.mkv,6.6 GiB,7088881656,2026-03-22T10:09:29.596799473-07:00
/media/Downloads/qbittorrent/complete/cross-seed/TorrentLeech/Solo.Leveling.S02.BluRay.1080p.FLAC.2.0.AVC.HYBRID.REMUX-FraMeSToR/Solo.Leveling.S02E11.It's.Going.to.Get.Even.More.Intense.1080p.FLAC.2.0.AVC.HYBRID.REMUX-FraMeSToR.mkv,6.6 GiB,7088881656,2026-03-22T10:09:29.596799473-07:00
/media/Downloads/qbittorrent/complete/cross-seed/AnimeZ/Solo.Leveling.S02.BluRay.1080p.FLAC.2.0.AVC.HYBRID.REMUX-FraMeSToR/Solo.Leveling.S02E05.This.is.What.We're.Trained.to.Do.1080p.FLAC.2.0.AVC.HYBRID.REMUX-FraMeSToR.mkv,6.59 GiB,7078082629,2026-03-22T09:59:00.711726522-07:00
/media/Downloads/qbittorrent/complete/cross-seed/TorrentLeech/Solo.Leveling.S02.BluRay.1080p.FLAC.2.0.AVC.HYBRID.REMUX-FraMeSToR/Solo.Leveling.S02E05.This.is.What.We're.Trained.to.Do.1080p.FLAC.2.0.AVC.HYBRID.REMUX-FraMeSToR.mkv,6.59 GiB,7078082629,2026-03-22T09:59:00.711726522-07:00
/media/Downloads/qbittorrent/complete/cross-seed/AnimeZ/Solo.Leveling.S02.BluRay.1080p.FLAC.2.0.AVC.HYBRID.REMUX-FraMeSToR/Solo.Leveling.S02E04.I.Need.to.Stop.Faking.1080p.FLAC.2.0.AVC.HYBRID.REMUX-FraMeSToR.mkv,6.59 GiB,7073315580,2026-03-22T09:54:56.864860197-07:00
/media/Downloads/qbittorrent/complete/cross-seed/TorrentLeech/Solo.Leveling.S02.BluRay.1080p.FLAC.2.0.AVC.HYBRID.REMUX-FraMeSToR/Solo.Leveling.S02E04.I.Need.to.Stop.Faking.1080p.FLAC.2.0.AVC.HYBRID.REMUX-FraMeSToR.mkv,6.59 GiB,7073315580,2026-03-22T09:54:56.864860197-07:00
/media/Downloads/qbittorrent/complete/cross-seed/AnimeZ/Solo.Leveling.S02.BluRay.1080p.FLAC.2.0.AVC.HYBRID.REMUX-FraMeSToR/Solo.Leveling.S02E07.The.10th.S-Rank.Hunter.1080p.FLAC.2.0.AVC.HYBRID.REMUX-FraMeSToR.mkv,6.58 GiB,7066190703,2026-03-22T10:01:27.123045036-07:00
/media/Downloads/qbittorrent/complete/cross-seed/TorrentLeech/Solo.Leveling.S02.BluRay.1080p.FLAC.2.0.AVC.HYBRID.REMUX-FraMeSToR/Solo.Leveling.S02E07.The.10th.S-Rank.Hunter.1080p.FLAC.2.0.AVC.HYBRID.REMUX-FraMeSToR.mkv,6.58 GiB,7066190703,2026-03-22T10:01:27.123045036-07:00
/media/Downloads/qbittorrent/complete/cross-seed/AnimeZ/Solo.Leveling.S02.BluRay.1080p.FLAC.2.0.AVC.HYBRID.REMUX-FraMeSToR/Solo.Leveling.S02E09.It.was.All.Worth.It.1080p.FLAC.2.0.AVC.HYBRID.REMUX-FraMeSToR.mkv,6.56 GiB,7048454932,2026-03-22T10:04:33.274178639-07:00
/media/Downloads/qbittorrent/complete/cross-seed/TorrentLeech/Solo.Leveling.S02.BluRay.1080p.FLAC.2.0.AVC.HYBRID.REMUX-FraMeSToR/Solo.Leveling.S02E09.It.was.All.Worth.It.1080p.FLAC.2.0.AVC.HYBRID.REMUX-FraMeSToR.mkv,6.56 GiB,7048454932,2026-03-22T10:04:33.274178639-07:00
/media/Downloads/qbittorrent/complete/cross-seed/AnimeZ/Solo.Leveling.S02.BluRay.1080p.FLAC.2.0.AVC.HYBRID.REMUX-FraMeSToR/Solo.Leveling.S02E10.We.Need.a.Hero.1080p.FLAC.2.0.AVC.HYBRID.REMUX-FraMeSToR.mkv,6.46 GiB,6935980158,2026-03-22T10:07:34.245336354-07:00
/media/Downloads/qbittorrent/complete/cross-seed/TorrentLeech/Solo.Leveling.S02.BluRay.1080p.FLAC.2.0.AVC.HYBRID.REMUX-FraMeSToR/Solo.Leveling.S02E10.We.Need.a.Hero.1080p.FLAC.2.0.AVC.HYBRID.REMUX-FraMeSToR.mkv,6.46 GiB,6935980158,2026-03-22T10:07:34.245336354-07:00
/media/Downloads/qbittorrent/complete/sonarr/The.Baby.Sitters.Club.2020.S02.2160p.NF.WEB-DL.DD+5.1.DoVi.HDR.H.265-playWEB/The.Baby.Sitters.Club.2020.S02E06.Dawn.and.the.Wicked.Stepsister.2160p.NF.WEB-DL.DD+5.1.DoVi.HDR.H.265-playWEB.mkv,3.89 GiB,4181104631,2026-06-14T22:08:00.306290125-07:00
/media/Downloads/qbittorrent/complete/sonarr/The.Baby.Sitters.Club.2020.S02.2160p.NF.WEB-DL.DD+5.1.DoVi.HDR.H.265-playWEB/The.Baby.Sitters.Club.2020.S02E07.Claudia.and.the.Sad.Goodbye.2160p.NF.WEB-DL.DD+5.1.DoVi.HDR.H.265-playWEB.mkv,3.76 GiB,4033033669,2026-06-14T22:08:00.306290125-07:00
/media/Downloads/qbittorrent/complete/sonarr/The.Baby.Sitters.Club.2020.S02.2160p.NF.WEB-DL.DD+5.1.DoVi.HDR.H.265-playWEB/The.Baby.Sitters.Club.2020.S02E02.Claudia.and.the.New.Girl.2160p.NF.WEB-DL.DD+5.1.DoVi.HDR.H.265-playWEB.mkv,3.73 GiB,4010318823,2026-06-14T22:08:00.306290125-07:00
/media/Downloads/qbittorrent/complete/sonarr/The.Baby.Sitters.Club.2020.S02.2160p.NF.WEB-DL.DD+5.1.DoVi.HDR.H.265-playWEB/The.Baby.Sitters.Club.2020.S02E08.Kristy.and.the.Baby.Parade.2160p.NF.WEB-DL.DD+5.1.DoVi.HDR.H.265-playWEB.mkv,3.65 GiB,3922416004,2026-06-14T22:08:00.306290125-07:00
/media/Downloads/qbittorrent/complete/cross-seed/Blutopia/Dutton.Ranch.S01E05.Peaceful.Find.Peace.1080p.AMZN.WEB-DL.DDP5.1.H.264-BLOOM.mkv--1c6ac111/Dutton.Ranch.S01E05.Peaceful.Find.Peace.1080p.AMZN.WEB-DL.DDP5.1.H.264-BLOOM.mkv,3.54 GiB,3798753778,2026-06-05T00:03:47.342370173-07:00
/media/Downloads/qbittorrent/complete/cross-seed/DarkPeers/Dutton.Ranch.S01E05.Peaceful.Find.Peace.1080p.AMZN.WEB-DL.DDP5.1.H.264-BLOOM.mkv--4bd607e7/Dutton.Ranch.S01E05.Peaceful.Find.Peace.1080p.AMZN.WEB-DL.DDP5.1.H.264-BLOOM.mkv,3.54 GiB,3798753778,2026-06-05T00:03:47.342370173-07:00
/media/Downloads/qbittorrent/complete/cross-seed/TorrentLeech/Dutton.Ranch.S01E05.Peaceful.Find.Peace.1080p.AMZN.WEB-DL.DDP5.1.H.264-BLOOM.mkv--5f03fa4c/Dutton.Ranch.S01E05.Peaceful.Find.Peace.1080p.AMZN.WEB-DL.DDP5.1.H.264-BLOOM.mkv,3.54 GiB,3798753778,2026-06-05T00:03:47.342370173-07:00
/media/Downloads/qbittorrent/complete/sonarr/Dutton.Ranch.S01E05.Peaceful.Find.Peace.1080p.AMZN.WEB-DL.DDP5.1.H.264-BLOOM.mkv,3.54 GiB,3798753778,2026-06-05T00:03:47.342370173-07:00
/media/Downloads/qbittorrent/complete/sonarr/The.Baby.Sitters.Club.2020.S02.2160p.NF.WEB-DL.DD+5.1.DoVi.HDR.H.265-playWEB/The.Baby.Sitters.Club.2020.S02E03.Stacey's.Emergency.2160p.NF.WEB-DL.DD+5.1.DoVi.HDR.H.265-playWEB.mkv,3.43 GiB,3684731614,2026-06-14T22:08:00.306290125-07:00
/media/Downloads/qbittorrent/complete/sonarr/The.Baby.Sitters.Club.2020.S02.2160p.NF.WEB-DL.DD+5.1.DoVi.HDR.H.265-playWEB/The.Baby.Sitters.Club.2020.S02E04.Jessi.and.the.Superbrat.2160p.NF.WEB-DL.DD+5.1.DoVi.HDR.H.265-playWEB.mkv,3.42 GiB,3676487650,2026-06-14T22:08:00.306290125-07:00
/media/Downloads/qbittorrent/complete/sonarr/The.Baby.Sitters.Club.2020.S02.2160p.NF.WEB-DL.DD+5.1.DoVi.HDR.H.265-playWEB/The.Baby.Sitters.Club.2020.S02E05.Mary.Anne.and.the.Great.Romance.2160p.NF.WEB-DL.DD+5.1.DoVi.HDR.H.265-playWEB.mkv,3.41 GiB,3656638580,2026-06-14T22:08:00.306290125-07:00
/media/Downloads/qbittorrent/complete/sonarr/The.Baby.Sitters.Club.2020.S02.2160p.NF.WEB-DL.DD+5.1.DoVi.HDR.H.265-playWEB/The.Baby.Sitters.Club.2020.S02E01.Kristy.and.the.Snobs.2160p.NF.WEB-DL.DD+5.1.DoVi.HDR.H.265-playWEB.mkv,3.4 GiB,3648909314,2026-06-14T22:08:00.306290125-07:00
/media/Downloads/qbittorrent/complete/sonarr/Dutton.Ranch.S01E04.Start.With.a.Bullet.1080p.AMZN.WEB-DL.DDP5.1.H.264-BLOOM.mkv,3.24 GiB,3480609251,2026-06-02T19:55:57.663535829-07:00
/media/Downloads/qbittorrent/complete/cross-seed/Blutopia/Dutton.Ranch.S01E07.Den.of.Sin.1080p.AMZN.WEB-DL.DDP5.1.H.264-BLOOM.mkv--3d8053f1/Dutton.Ranch.S01E07.Den.of.Sin.1080p.AMZN.WEB-DL.DDP5.1.H.264-BLOOM.mkv,2.96 GiB,3182039365,2026-06-19T00:03:23.635030153-07:00
/media/Downloads/qbittorrent/complete/cross-seed/TorrentLeech/Dutton.Ranch.S01E07.Den.of.Sin.1080p.AMZN.WEB-DL.DDP5.1.H.264-BLOOM.mkv--8100e35d/Dutton.Ranch.S01E07.Den.of.Sin.1080p.AMZN.WEB-DL.DDP5.1.H.264-BLOOM.mkv,2.96 GiB,3182039365,2026-06-19T00:03:23.635030153-07:00
/media/Downloads/qbittorrent/complete/sonarr/Dutton.Ranch.S01E07.Den.of.Sin.1080p.AMZN.WEB-DL.DDP5.1.H.264-BLOOM.mkv,2.96 GiB,3182039365,2026-06-19T00:03:23.635030153-07:00
/media/Downloads/qbittorrent/complete/cross-seed/Blutopia/Dutton.Ranch.S01E06.A.Cowboy.Saint.1080p.AMZN.WEB-DL.DDP5.1.H.264-BLOOM.mkv--c3cdfa2c/Dutton.Ranch.S01E06.A.Cowboy.Saint.1080p.AMZN.WEB-DL.DDP5.1.H.264-BLOOM.mkv,2.81 GiB,3013114579,2026-06-12T00:03:00.265124866-07:00
/media/Downloads/qbittorrent/complete/cross-seed/Seedpool/Dutton.Ranch.S01E06.A.Cowboy.Saint.1080p.AMZN.WEB-DL.DDP5.1.H.264-BLOOM.mkv--e2adfcd2/Dutton.Ranch.S01E06.A.Cowboy.Saint.1080p.AMZN.WEB-DL.DDP5.1.H.264-BLOOM.mkv,2.81 GiB,3013114579,2026-06-12T00:03:00.265124866-07:00
/media/Downloads/qbittorrent/complete/cross-seed/TorrentLeech/Dutton.Ranch.S01E06.A.Cowboy.Saint.1080p.AMZN.WEB-DL.DDP5.1.H.264-BLOOM.mkv--b28b9b51/Dutton.Ranch.S01E06.A.Cowboy.Saint.1080p.AMZN.WEB-DL.DDP5.1.H.264-BLOOM.mkv,2.81 GiB,3013114579,2026-06-12T00:03:00.265124866-07:00
/media/Downloads/qbittorrent/complete/sonarr/Dutton.Ranch.S01E06.A.Cowboy.Saint.1080p.AMZN.WEB-DL.DDP5.1.H.264-BLOOM.mkv,2.81 GiB,3013114579,2026-06-12T00:03:00.265124866-07:00
/media/Downloads/qbittorrent/complete/sonarr/Ghost.Whisperer.S05E20.1080p.WEB.H264-SHIIIT/shiiit-ghost.whisperer.s05e20.1080p.web.h264.mkv,2.51 GiB,2698939175,2026-06-23T00:28:39.834994267-07:00
/media/Downloads/qbittorrent/complete/sonarr/Ghost.Whisperer.S05E19.1080p.WEB.H264-SHIIIT/shiiit-ghost.whisperer.s05e19.1080p.web.h264.mkv,2.51 GiB,2690911098,2026-06-23T00:26:00.428207673-07:00
/media/Downloads/qbittorrent/complete/sonarr/Ghost.Whisperer.S04E22.1080p.WEB.H264-SHIIIT/shiiit-ghost.whisperer.s04e22.1080p.web.h264.mkv,2.49 GiB,2672191550,2026-06-23T00:57:00.310032838-07:00
/media/Downloads/qbittorrent/complete/sonarr/Ghost.Whisperer.S02E04.1080p.WEB.H264-SHIIIT/shiiit-ghost.whisperer.s02e04.1080p.web.h264.mkv,2.48 GiB,2662332764,2026-06-23T00:45:00.635518544-07:00
/media/Downloads/qbittorrent/complete/sonarr/Ghost.Whisperer.S02E21.1080p.WEB.H264-SHIIIT/shiiit-ghost.whisperer.s02e21.1080p.web.h264.mkv,2.48 GiB,2661712219,2026-06-23T00:40:00.877805024-07:00
/media/Downloads/qbittorrent/complete/sonarr/Ghost.Whisperer.S03E15.1080p.WEB.H264-SHIIIT/shiiit-ghost.whisperer.s03e15.1080p.web.h264.mkv,2.43 GiB,2612237180,2026-06-23T05:30:38.45544432-07:00
/media/Downloads/qbittorrent/complete/sonarr/Ghost.Whisperer.S03E13.1080p.WEB.H264-SHIIIT/shiiit-ghost.whisperer.s03e13.1080p.web.h264.mkv,2.4 GiB,2579887182,2026-06-22T23:32:00.549028673-07:00
/media/Downloads/qbittorrent/complete/sonarr/Ghost.Whisperer.S04E21.1080p.WEB.H264-SHIIIT/shiiit-ghost.whisperer.s04e21.1080p.web.h264.mkv,2.4 GiB,2573035689,2026-06-23T00:55:00.610944457-07:00
/media/Downloads/qbittorrent/complete/sonarr/Ghost.Whisperer.S01E01.1080p.WEB.H264-SHIIIT/shiiit-ghost.whisperer.s01e01.1080p.web.h264.mkv,2.36 GiB,2533142472,2026-06-22T23:27:28.259129099-07:00
/media/Downloads/qbittorrent/complete/sonarr/Ghost.Whisperer.S02E22.1080p.WEB.H264-SHIIIT/shiiit-ghost.whisperer.s02e22.1080p.web.h264.mkv,2.36 GiB,2530969625,2026-06-23T00:42:00.732890803-07:00
/media/Downloads/qbittorrent/complete/cross-seed/Blutopia/Emily.in.Paris.S05.1080p.NF.WEB-DL.DDP5.1.H.264-FLUX/Emily.in.Paris.S05E04.Rome.Has.Fallen.1080p.NF.WEB-DL.DDP5.1.H.264-FLUX.mkv,1.4 GiB,1508189451,2025-12-24T06:14:04.79114342-08:00
/media/Downloads/qbittorrent/complete/cross-seed/DarkPeers/Emily.in.Paris.S05.1080p.NF.WEB-DL.DDP5.1.H.264-FLUX/Emily.in.Paris.S05E04.Rome.Has.Fallen.1080p.NF.WEB-DL.DDP5.1.H.264-FLUX.mkv,1.4 GiB,1508189451,2025-12-24T06:14:04.79114342-08:00
/media/Downloads/qbittorrent/complete/cross-seed/TorrentLeech/Emily.in.Paris.S05.1080p.NF.WEB-DL.DDP5.1.H.264-FLUX/Emily.in.Paris.S05E04.Rome.Has.Fallen.1080p.NF.WEB-DL.DDP5.1.H.264-FLUX.mkv,1.4 GiB,1508189451,2025-12-24T06:14:04.79114342-08:00
/media/Downloads/qbittorrent/complete/cross-seed/AnimeBytes/[SubsPlease] Detective Conan - 1203 (1080p) [19448D57].mkv--be170d36/[SubsPlease] Detective Conan - 1203 (1080p) [19448D57].mkv,1.4 GiB,1502939218,2026-06-13T04:37:00.107210626-07:00
/media/Downloads/qbittorrent/complete/cross-seed/AnimeZ/[SubsPlease] Detective Conan - 1203 (1080p) [19448D57].mkv--c6aa3ef8/[SubsPlease] Detective Conan - 1203 (1080p) [19448D57].mkv,1.4 GiB,1502939218,2026-06-13T04:37:00.107210626-07:00
/media/Downloads/qbittorrent/complete/sonarr/[SubsPlease] Detective Conan - 1203 (1080p) [19448D57].mkv,1.4 GiB,1502939218,2026-06-13T04:37:00.107210626-07:00
/media/Downloads/qbittorrent/complete/cross-seed/AnimeZ/[SubsPlease] Detective Conan - 1204 (1080p) [416DF94F].mkv--8ee2dca7/[SubsPlease] Detective Conan - 1204 (1080p) [416DF94F].mkv,1.4 GiB,1498607182,2026-06-20T04:40:00.292885547-07:00
/media/Downloads/qbittorrent/complete/cross-seed/TorrentLeech/[SubsPlease] Detective Conan - 1204 (1080p) [416DF94F].mkv--24b34395/[SubsPlease] Detective Conan - 1204 (1080p) [416DF94F].mkv,1.4 GiB,1498607182,2026-06-20T04:40:00.292885547-07:00
/media/Downloads/qbittorrent/complete/sonarr/[SubsPlease] Detective Conan - 1204 (1080p) [416DF94F].mkv,1.4 GiB,1498607182,2026-06-20T04:40:00.292885547-07:00
/media/Downloads/qbittorrent/complete/sonarr/[Asakura] Tensei Shitara Slime Datta Ken 4th Season - 09 [1080p WEB AAC x264] [532BC33A].mkv,1.37 GiB,1467951459,2026-06-14T10:41:00.154780363-07:00
/media/Downloads/qbittorrent/complete/sonarr/[SubsPlease] Tensei Shitara Slime Datta Ken S4 - 08 (1080p) [BD3A26E1].mkv,1.37 GiB,1467401997,2026-06-02T19:54:06.903931658-07:00
/media/Downloads/qbittorrent/complete/cross-seed/AnimeZ/[SubsPlease] Tensei Shitara Slime Datta Ken S4 - 09 (1080p) [961605DA].mkv--d4e9de5e/[SubsPlease] Tensei Shitara Slime Datta Ken S4 - 09 (1080p) [961605DA].mkv,1.37 GiB,1466402630,2026-06-05T08:39:00.259761139-07:00
/media/Downloads/qbittorrent/complete/sonarr/[SubsPlease] Tensei Shitara Slime Datta Ken S4 - 09 (1080p) [961605DA]/[SubsPlease] Tensei Shitara Slime Datta Ken S4 - 09 (1080p) [961605DA].mkv,1.37 GiB,1466402630,2026-06-05T08:39:00.259761139-07:00
/media/Downloads/qbittorrent/complete/sonarr/[Asakura] Tensei Shitara Slime Datta Ken 4th Season - 08 [1080p WEB AAC x264] [241F08CD].mkv,1.37 GiB,1465704299,2026-06-02T19:54:56.519844962-07:00
/media/Downloads/qbittorrent/complete/cross-seed/AnimeZ/[SubsPlease] Tensei Shitara Slime Datta Ken S4 - 10 (1080p) [7FA8BA37].mkv--9f021fd4/[SubsPlease] Tensei Shitara Slime Datta Ken S4 - 10 (1080p) [7FA8BA37].mkv,1.36 GiB,1463873195,2026-06-12T08:12:00.218951252-07:00
/media/Downloads/qbittorrent/complete/cross-seed/TorrentLeech/[SubsPlease] Tensei Shitara Slime Datta Ken S4 - 10 (1080p) [7FA8BA37].mkv--5047a43b/[SubsPlease] Tensei Shitara Slime Datta Ken S4 - 10 (1080p) [7FA8BA37].mkv,1.36 GiB,1463873195,2026-06-12T08:12:00.218951252-07:00
/media/Downloads/qbittorrent/complete/sonarr/[SubsPlease] Tensei Shitara Slime Datta Ken S4 - 10 (1080p) [7FA8BA37].mkv,1.36 GiB,1463873195,2026-06-12T08:12:00.218951252-07:00
/media/Downloads/qbittorrent/complete/cross-seed/AnimeZ/[SubsPlease] Tensei Shitara Slime Datta Ken S4 - 11 (1080p) [2B209792].mkv--c0b802de/[SubsPlease] Tensei Shitara Slime Datta Ken S4 - 11 (1080p) [2B209792].mkv,1.36 GiB,1463304122,2026-06-19T08:13:00.339342486-07:00
/media/Downloads/qbittorrent/complete/cross-seed/TorrentLeech/[SubsPlease] Tensei Shitara Slime Datta Ken S4 - 11 (1080p) [2B209792].mkv--0d193d4c/[SubsPlease] Tensei Shitara Slime Datta Ken S4 - 11 (1080p) [2B209792].mkv,1.36 GiB,1463304122,2026-06-19T08:13:00.339342486-07:00
/media/Downloads/qbittorrent/complete/sonarr/[SubsPlease] Tensei Shitara Slime Datta Ken S4 - 11 (1080p) [2B209792].mkv,1.36 GiB,1463304122,2026-06-19T08:13:00.339342486-07:00
/media/Downloads/qbittorrent/complete/cross-seed/Blutopia/Emily.in.Paris.S05.1080p.NF.WEB-DL.DDP5.1.H.264-FLUX/Emily.in.Paris.S05E06.The.One.Where.Emily.Goes.to.the.Embassy.1080p.NF.WEB-DL.DDP5.1.H.264-FLUX.mkv,1.36 GiB,1462267846,2025-12-24T06:14:55.494977662-08:00
/media/Downloads/qbittorrent/complete/cross-seed/DarkPeers/Emily.in.Paris.S05.1080p.NF.WEB-DL.DDP5.1.H.264-FLUX/Emily.in.Paris.S05E06.The.One.Where.Emily.Goes.to.the.Embassy.1080p.NF.WEB-DL.DDP5.1.H.264-FLUX.mkv,1.36 GiB,1462267846,2025-12-24T06:14:55.494977662-08:00
/media/Downloads/qbittorrent/complete/cross-seed/TorrentLeech/Emily.in.Paris.S05.1080p.NF.WEB-DL.DDP5.1.H.264-FLUX/Emily.in.Paris.S05E06.The.One.Where.Emily.Goes.to.the.Embassy.1080p.NF.WEB-DL.DDP5.1.H.264-FLUX.mkv,1.36 GiB,1462267846,2025-12-24T06:14:55.494977662-08:00
/media/Downloads/qbittorrent/complete/sonarr/[Asakura] Tensei Shitara Slime Datta Ken 4th Season - 10 [1080p WEB AAC x264] [598E1DEF].mkv,1.36 GiB,1462129801,2026-06-14T10:40:00.235345838-07:00
/media/Downloads/qbittorrent/complete/sonarr/[Asakura] Tensei Shitara Slime Datta Ken 4th Season - 07 [1080p WEB AAC x264] [8AC896FD].mkv,1.36 GiB,1461957645,2026-05-24T10:50:15.394403539-07:00
/media/Downloads/qbittorrent/complete/cross-seed/TorrentLeech/[SubsPlease] Class de 2-banme ni Kawaii Onnanoko to Tomodachi ni Natta - 10 (108--787134eb/[SubsPlease] Class de 2-banme ni Kawaii Onnanoko to Tomodachi ni Natta - 10 (1080p) [20145E3D].mkv,1.35 GiB,1451751643,2026-06-09T08:13:33.817294289-07:00
/media/Downloads/qbittorrent/complete/sonarr/[SubsPlease] Class de 2-banme ni Kawaii Onnanoko to Tomodachi ni Natta - 10 (1080p) [20145E3D].mkv,1.35 GiB,1451751643,2026-06-09T08:13:33.817294289-07:00
/media/Downloads/qbittorrent/complete/cross-seed/TorrentLeech/[SubsPlease] Class de 2-banme ni Kawaii Onnanoko to Tomodachi ni Natta - 11 (108--4fc4319e/[SubsPlease] Class de 2-banme ni Kawaii Onnanoko to Tomodachi ni Natta - 11 (1080p) [B8636FA7].mkv,1.35 GiB,1451653216,2026-06-16T08:14:00.289402521-07:00
/media/Downloads/qbittorrent/complete/sonarr/[SubsPlease] Class de 2-banme ni Kawaii Onnanoko to Tomodachi ni Natta - 11 (1080p) [B8636FA7].mkv,1.35 GiB,1451653216,2026-06-16T08:14:00.289402521-07:00
/media/Downloads/qbittorrent/complete/sonarr/[SubsPlease] Class de 2-banme ni Kawaii Onnanoko to Tomodachi ni Natta - 12 (1080p) [57C30405].mkv,1.35 GiB,1450768841,2026-06-23T08:12:00.338525498-07:00
/media/Downloads/qbittorrent/complete/sonarr/[SubsPlease] Class de 2-banme ni Kawaii Onnanoko to Tomodachi ni Natta - 08 (1080p) [35484ADC]/[SubsPlease] Class de 2-banme ni Kawaii Onnanoko to Tomodachi ni Natta - 08 (1080p) [35484ADC].mkv,1.35 GiB,1449010676,2026-05-26T08:35:25.164116683-07:00
/media/Downloads/qbittorrent/complete/cross-seed/Blutopia/Emily.in.Paris.S05.1080p.NF.WEB-DL.DDP5.1.H.264-FLUX/Emily.in.Paris.S05E10.Veni.Vidi.Venezia.1080p.NF.WEB-DL.DDP5.1.H.264-FLUX.mkv,1.33 GiB,1430034194,2025-12-24T06:15:46.166812008-08:00
/media/Downloads/qbittorrent/complete/cross-seed/DarkPeers/Emily.in.Paris.S05.1080p.NF.WEB-DL.DDP5.1.H.264-FLUX/Emily.in.Paris.S05E10.Veni.Vidi.Venezia.1080p.NF.WEB-DL.DDP5.1.H.264-FLUX.mkv,1.33 GiB,1430034194,2025-12-24T06:15:46.166812008-08:00
/media/Downloads/qbittorrent/complete/cross-seed/TorrentLeech/Emily.in.Paris.S05.1080p.NF.WEB-DL.DDP5.1.H.264-FLUX/Emily.in.Paris.S05E10.Veni.Vidi.Venezia.1080p.NF.WEB-DL.DDP5.1.H.264-FLUX.mkv,1.33 GiB,1430034194,2025-12-24T06:15:46.166812008-08:00
/media/Downloads/qbittorrent/complete/cross-seed/Blutopia/Emily.in.Paris.S05.1080p.NF.WEB-DL.DDP5.1.H.264-FLUX/Emily.in.Paris.S05E03.Intimissimi.Issues.1080p.NF.WEB-DL.DDP5.1.H.264-FLUX.mkv,1.3 GiB,1395008183,2025-12-24T06:13:42.207217251-08:00
/media/Downloads/qbittorrent/complete/cross-seed/DarkPeers/Emily.in.Paris.S05.1080p.NF.WEB-DL.DDP5.1.H.264-FLUX/Emily.in.Paris.S05E03.Intimissimi.Issues.1080p.NF.WEB-DL.DDP5.1.H.264-FLUX.mkv,1.3 GiB,1395008183,2025-12-24T06:13:42.207217251-08:00
/media/Downloads/qbittorrent/complete/cross-seed/TorrentLeech/Emily.in.Paris.S05.1080p.NF.WEB-DL.DDP5.1.H.264-FLUX/Emily.in.Paris.S05E03.Intimissimi.Issues.1080p.NF.WEB-DL.DDP5.1.H.264-FLUX.mkv,1.3 GiB,1395008183,2025-12-24T06:13:42.207217251-08:00
/media/Downloads/qbittorrent/complete/cross-seed/Blutopia/Emily.in.Paris.S05.1080p.NF.WEB-DL.DDP5.1.H.264-FLUX/Emily.in.Paris.S05E05.Bonjour.Paris.1080p.NF.WEB-DL.DDP5.1.H.264-FLUX.mkv,1.27 GiB,1365422498,2025-12-24T06:14:29.811061624-08:00
/media/Downloads/qbittorrent/complete/cross-seed/DarkPeers/Emily.in.Paris.S05.1080p.NF.WEB-DL.DDP5.1.H.264-FLUX/Emily.in.Paris.S05E05.Bonjour.Paris.1080p.NF.WEB-DL.DDP5.1.H.264-FLUX.mkv,1.27 GiB,1365422498,2025-12-24T06:14:29.811061624-08:00
/media/Downloads/qbittorrent/complete/cross-seed/TorrentLeech/Emily.in.Paris.S05.1080p.NF.WEB-DL.DDP5.1.H.264-FLUX/Emily.in.Paris.S05E05.Bonjour.Paris.1080p.NF.WEB-DL.DDP5.1.H.264-FLUX.mkv,1.27 GiB,1365422498,2025-12-24T06:14:29.811061624-08:00
/media/Downloads/qbittorrent/complete/sonarr/The.Baby.Sitters.Club.2020.S01.1080p.NF.WEB-DL.DDP5.1.H.264-SKGTV/The.Baby.Sitters.Club.2020.S01E10.1080p.WEB.h264-SKGTV.mkv,1.25 GiB,1346618324,2026-06-14T21:37:00.158763284-07:00
/media/Downloads/qbittorrent/complete/sonarr/KonoSuba.An.Explosion.on.This.Wonderful.World.S01.1080p.BluRay.10-Bit.Dual-Audio.FLAC2.0.x265-YURASUKA/KonoSuba.An.Explosion.on.This.Wonderful.World.S01E05.1080p.BluRay.10-Bit.Dual-Audio.FLAC2.0.x265-YURASUKA.mkv,1.24 GiB,1336064355,2026-06-02T19:57:43.719868158-07:00
/media/Downloads/qbittorrent/complete/cross-seed/Blutopia/Emily.in.Paris.S05.1080p.NF.WEB-DL.DDP5.1.H.264-FLUX/Emily.in.Paris.S05E02.Got.to.be.Real.1080p.NF.WEB-DL.DDP5.1.H.264-FLUX.mkv,1.24 GiB,1332811969,2025-12-24T06:13:17.007299634-08:00
/media/Downloads/qbittorrent/complete/cross-seed/DarkPeers/Emily.in.Paris.S05.1080p.NF.WEB-DL.DDP5.1.H.264-FLUX/Emily.in.Paris.S05E02.Got.to.be.Real.1080p.NF.WEB-DL.DDP5.1.H.264-FLUX.mkv,1.24 GiB,1332811969,2025-12-24T06:13:17.007299634-08:00
/media/Downloads/qbittorrent/complete/cross-seed/TorrentLeech/Emily.in.Paris.S05.1080p.NF.WEB-DL.DDP5.1.H.264-FLUX/Emily.in.Paris.S05E02.Got.to.be.Real.1080p.NF.WEB-DL.DDP5.1.H.264-FLUX.mkv,1.24 GiB,1332811969,2025-12-24T06:13:17.007299634-08:00
/media/Downloads/qbittorrent/complete/cross-seed/Blutopia/Emily.in.Paris.S05.1080p.NF.WEB-DL.DDP5.1.H.264-FLUX/Emily.in.Paris.S05E09.La.Belle.Epoque.1080p.NF.WEB-DL.DDP5.1.H.264-FLUX.mkv,1.24 GiB,1331949983,2025-12-24T06:15:44.870816245-08:00
/media/Downloads/qbittorrent/complete/cross-seed/DarkPeers/Emily.in.Paris.S05.1080p.NF.WEB-DL.DDP5.1.H.264-FLUX/Emily.in.Paris.S05E09.La.Belle.Epoque.1080p.NF.WEB-DL.DDP5.1.H.264-FLUX.mkv,1.24 GiB,1331949983,2025-12-24T06:15:44.870816245-08:00
/media/Downloads/qbittorrent/complete/cross-seed/TorrentLeech/Emily.in.Paris.S05.1080p.NF.WEB-DL.DDP5.1.H.264-FLUX/Emily.in.Paris.S05E09.La.Belle.Epoque.1080p.NF.WEB-DL.DDP5.1.H.264-FLUX.mkv,1.24 GiB,1331949983,2025-12-24T06:15:44.870816245-08:00
/media/Downloads/qbittorrent/complete/cross-seed/Blutopia/Emily.in.Paris.S05.1080p.NF.WEB-DL.DDP5.1.H.264-FLUX/Emily.in.Paris.S05E01.La.Dolce.Emily.1080p.NF.WEB-DL.DDP5.1.H.264-FLUX.mkv,1.24 GiB,1331606447,2025-12-24T06:13:08.087328796-08:00
/media/Downloads/qbittorrent/complete/cross-seed/DarkPeers/Emily.in.Paris.S05.1080p.NF.WEB-DL.DDP5.1.H.264-FLUX/Emily.in.Paris.S05E01.La.Dolce.Emily.1080p.NF.WEB-DL.DDP5.1.H.264-FLUX.mkv,1.24 GiB,1331606447,2025-12-24T06:13:08.087328796-08:00
/media/Downloads/qbittorrent/complete/cross-seed/TorrentLeech/Emily.in.Paris.S05.1080p.NF.WEB-DL.DDP5.1.H.264-FLUX/Emily.in.Paris.S05E01.La.Dolce.Emily.1080p.NF.WEB-DL.DDP5.1.H.264-FLUX.mkv,1.24 GiB,1331606447,2025-12-24T06:13:08.087328796-08:00
/media/Downloads/qbittorrent/complete/sonarr/Clannad (2007) - S02E13 - Graduation [Bluray-1080p][10bit][x265][Opus 2 0][JA EN]-ChucksMux.mkv,1.22 GiB,1313740031,2026-06-20T17:01:11.36877938-07:00
/media/Downloads/qbittorrent/complete/sonarr/Clannad (2007) - S02E12 - A Sudden Happening [Bluray-1080p][10bit][x265][Opus 2 0][JA EN]-ChucksMux.mkv,1.22 GiB,1313407102,2026-06-20T17:03:44.787344343-07:00
/media/Downloads/qbittorrent/complete/sonarr/Clannad (2007) - S02E04 - With the Same Smile as That Day [Bluray-1080p][10bit][x265][Opus 2 0][JA EN]-ChucksMux.mkv,1.22 GiB,1312896619,2026-06-20T16:59:20.677814738-07:00
/media/Downloads/qbittorrent/complete/sonarr/Clannad (2007) - S02E22 - Small Palms [Bluray-1080p][10bit][x265][Opus 2 0][JA EN]-ChucksMux.mkv,1.21 GiB,1301623958,2026-06-20T17:05:00.626634964-07:00
/media/Downloads/qbittorrent/complete/sonarr/Princess.Connect.Re.Dive.S02.1080p.BluRay.10-Bit.FLAC2.0.x265-YURASUKA/Princess.Connect.Re.Dive.S02E12.1080p.BluRay.10-Bit.FLAC2.0.x265-YURASUKA.mkv,1.21 GiB,1297359034,2026-06-06T19:47:03.835690068-07:00
/media/Downloads/qbittorrent/complete/sonarr/Clannad (2007) - S02E17 - Summertime [Bluray-1080p][10bit][x265][Opus 2 0][JA EN]-ChucksMux.mkv,1.21 GiB,1294746075,2026-06-20T17:01:00.912877188-07:00
/media/Downloads/qbittorrent/complete/sonarr/KonoSuba.An.Explosion.on.This.Wonderful.World.S01.1080p.BluRay.10-Bit.Dual-Audio.FLAC2.0.x265-YURASUKA/KonoSuba.An.Explosion.on.This.Wonderful.World.S01E01.1080p.BluRay.10-Bit.Dual-Audio.FLAC2.0.x265-YURASUKA.mkv,1.2 GiB,1287193584,2026-06-02T19:56:28.923568763-07:00
/media/Downloads/qbittorrent/complete/sonarr/Princess.Connect.Re.Dive.S02.1080p.BluRay.10-Bit.FLAC2.0.x265-YURASUKA/Princess.Connect.Re.Dive.S02E09.1080p.BluRay.10-Bit.FLAC2.0.x265-YURASUKA.mkv,1.18 GiB,1262156287,2026-06-06T19:47:03.835690068-07:00
/media/Downloads/qbittorrent/complete/sonarr/Clannad (2007) - S01E15 - Stuck Problem [Bluray-1080p][10bit][x265][Opus 2 0][JA EN]-ChucksMux.mkv,1.17 GiB,1256591114,2026-06-20T16:46:28.705033897-07:00
/media/Downloads/qbittorrent/complete/sonarr/KonoSuba.An.Explosion.on.This.Wonderful.World.S01.1080p.BluRay.10-Bit.Dual-Audio.FLAC2.0.x265-YURASUKA/KonoSuba.An.Explosion.on.This.Wonderful.World.S01E09.1080p.BluRay.10-Bit.Dual-Audio.FLAC2.0.x265-YURASUKA.mkv,1.17 GiB,1254722706,2026-06-02T19:58:59.0760734-07:00
/media/Downloads/qbittorrent/complete/sonarr/KonoSuba.An.Explosion.on.This.Wonderful.World.S01.1080p.BluRay.10-Bit.Dual-Audio.FLAC2.0.x265-YURASUKA/KonoSuba.An.Explosion.on.This.Wonderful.World.S01E08.1080p.BluRay.10-Bit.Dual-Audio.FLAC2.0.x265-YURASUKA.mkv,1.17 GiB,1253047129,2026-06-02T19:58:39.112178489-07:00
/media/Downloads/qbittorrent/complete/sonarr/KonoSuba.An.Explosion.on.This.Wonderful.World.S01.1080p.BluRay.10-Bit.Dual-Audio.FLAC2.0.x265-YURASUKA/KonoSuba.An.Explosion.on.This.Wonderful.World.S01E02.1080p.BluRay.10-Bit.Dual-Audio.FLAC2.0.x265-YURASUKA.mkv,1.15 GiB,1238208398,2026-06-02T19:56:47.539621524-07:00
/media/Downloads/qbittorrent/complete/sonarr/The.Baby.Sitters.Club.2020.S01.1080p.NF.WEB-DL.DDP5.1.H.264-SKGTV/The.Baby.Sitters.Club.2020.S01E09.1080p.WEB.h264-SKGTV.mkv,1.15 GiB,1236107482,2026-06-14T21:37:00.158763284-07:00
/media/Downloads/qbittorrent/complete/cross-seed/Blutopia/Emily.in.Paris.S05.1080p.NF.WEB-DL.DDP5.1.H.264-FLUX/Emily.in.Paris.S05E08.Fashion.Statement.1080p.NF.WEB-DL.DDP5.1.H.264-FLUX.mkv,1.14 GiB,1222844585,2025-12-24T06:15:44.770816572-08:00
/media/Downloads/qbittorrent/complete/cross-seed/DarkPeers/Emily.in.Paris.S05.1080p.NF.WEB-DL.DDP5.1.H.264-FLUX/Emily.in.Paris.S05E08.Fashion.Statement.1080p.NF.WEB-DL.DDP5.1.H.264-FLUX.mkv,1.14 GiB,1222844585,2025-12-24T06:15:44.770816572-08:00
/media/Downloads/qbittorrent/complete/cross-seed/TorrentLeech/Emily.in.Paris.S05.1080p.NF.WEB-DL.DDP5.1.H.264-FLUX/Emily.in.Paris.S05E08.Fashion.Statement.1080p.NF.WEB-DL.DDP5.1.H.264-FLUX.mkv,1.14 GiB,1222844585,2025-12-24T06:15:44.770816572-08:00
/media/Downloads/qbittorrent/complete/cross-seed/Blutopia/Emily.in.Paris.S05.1080p.NF.WEB-DL.DDP5.1.H.264-FLUX/Emily.in.Paris.S05E07.Second.Chances.1080p.NF.WEB-DL.DDP5.1.H.264-FLUX.mkv,1.12 GiB,1207745250,2025-12-24T06:15:19.478899257-08:00
/media/Downloads/qbittorrent/complete/cross-seed/DarkPeers/Emily.in.Paris.S05.1080p.NF.WEB-DL.DDP5.1.H.264-FLUX/Emily.in.Paris.S05E07.Second.Chances.1080p.NF.WEB-DL.DDP5.1.H.264-FLUX.mkv,1.12 GiB,1207745250,2025-12-24T06:15:19.478899257-08:00
/media/Downloads/qbittorrent/complete/cross-seed/TorrentLeech/Emily.in.Paris.S05.1080p.NF.WEB-DL.DDP5.1.H.264-FLUX/Emily.in.Paris.S05E07.Second.Chances.1080p.NF.WEB-DL.DDP5.1.H.264-FLUX.mkv,1.12 GiB,1207745250,2025-12-24T06:15:19.478899257-08:00
/media/Downloads/qbittorrent/complete/sonarr/Princess.Connect.Re.Dive.S02.1080p.BluRay.10-Bit.FLAC2.0.x265-YURASUKA/Princess.Connect.Re.Dive.S02E05.1080p.BluRay.10-Bit.FLAC2.0.x265-YURASUKA.mkv,1.12 GiB,1201431347,2026-06-06T19:47:03.835690068-07:00
/media/Downloads/qbittorrent/complete/sonarr/The.Baby.Sitters.Club.2020.S01.1080p.NF.WEB-DL.DDP5.1.H.264-SKGTV/The.Baby.Sitters.Club.2020.S01E01.1080p.WEB.h264-SKGTV.mkv,1.11 GiB,1193872866,2026-06-14T21:34:36.488035603-07:00
/media/Downloads/qbittorrent/complete/sonarr/Clannad (2007) - S01E14 - Theory of Everything [Bluray-1080p][10bit][x265][Opus 2 0][JA EN]-ChucksMux.mkv,1.11 GiB,1193184017,2026-06-20T16:44:13.014302563-07:00
/media/Downloads/qbittorrent/complete/sonarr/Princess.Connect.Re.Dive.S02.1080p.BluRay.10-Bit.FLAC2.0.x265-YURASUKA/Princess.Connect.Re.Dive.S02E11.1080p.BluRay.10-Bit.FLAC2.0.x265-YURASUKA.mkv,1.11 GiB,1192111601,2026-06-06T19:47:03.835690068-07:00
/media/Downloads/qbittorrent/complete/sonarr/Clannad (2007) - S01E04 - Lets Find Friends [Bluray-1080p][10bit][x265][Opus 2 0][JA EN]-ChucksMux.mkv,1.1 GiB,1182821430,2026-06-20T16:41:30.135825439-07:00
/media/Downloads/qbittorrent/complete/sonarr/Clannad (2007) - S01E21 - Face Toward the School Festival [Bluray-1080p][10bit][x265][Opus 2 0][JA EN]-ChucksMux.mkv,1.09 GiB,1172583625,2026-06-20T16:44:19.026246352-07:00
/media/Downloads/qbittorrent/complete/sonarr/KonoSuba.An.Explosion.on.This.Wonderful.World.S01.1080p.BluRay.10-Bit.Dual-Audio.FLAC2.0.x265-YURASUKA/KonoSuba.An.Explosion.on.This.Wonderful.World.S01E11.1080p.BluRay.10-Bit.Dual-Audio.FLAC2.0.x265-YURASUKA.mkv,1.09 GiB,1172177598,2026-06-02T19:59:40.403627399-07:00
/media/Downloads/qbittorrent/complete/sonarr/Clannad (2007) - S02E21 - The End of the World [Bluray-1080p][10bit][x265][Opus 2 0][JA EN]-ChucksMux.mkv,1.08 GiB,1160263855,2026-06-20T17:03:43.711354408-07:00
/media/Downloads/qbittorrent/complete/sonarr/Clannad (2007) - S01E22 - Two Shadows [Bluray-1080p][10bit][x265][Opus 2 0][JA EN]-ChucksMux.mkv,1.08 GiB,1155920836,2026-06-20T16:46:28.381036927-07:00
/media/Downloads/qbittorrent/complete/sonarr/Princess.Connect.Re.Dive.S01.1080p.BluRay.10-Bit.FLAC2.0.x265-YURASUKA/Princess.Connect.Re.Dive.S01E07.1080p.BluRay.10-Bit.FLAC2.0.x265-YURASUKA.mkv,1.05 GiB,1132667255,2026-06-06T19:47:00.271725034-07:00
/media/Downloads/qbittorrent/complete/sonarr/Clannad (2007) - S01E12 - Hidden World [Bluray-1080p][10bit][x265][Opus 2 0][JA EN]-ChucksMux.mkv,1.05 GiB,1125124356,2026-06-20T16:42:59.694988079-07:00
/media/Downloads/qbittorrent/complete/sonarr/Princess.Connect.Re.Dive.S02.1080p.BluRay.10-Bit.FLAC2.0.x265-YURASUKA/Princess.Connect.Re.Dive.S02E01.1080p.BluRay.10-Bit.FLAC2.0.x265-YURASUKA.mkv,1.05 GiB,1123739307,2026-06-06T19:47:03.835690068-07:00
/media/Downloads/qbittorrent/complete/sonarr/Clannad (2007) - S01E10 - The Girl Genius Challenge [Bluray-1080p][10bit][x265][Opus 2 0][JA EN]-ChucksMux.mkv,1.04 GiB,1120787456,2026-06-20T16:43:51.170506797-07:00
/media/Downloads/qbittorrent/complete/sonarr/KonoSuba.An.Explosion.on.This.Wonderful.World.S01.1080p.BluRay.10-Bit.Dual-Audio.FLAC2.0.x265-YURASUKA/KonoSuba.An.Explosion.on.This.Wonderful.World.S01E04.1080p.BluRay.10-Bit.Dual-Audio.FLAC2.0.x265-YURASUKA.mkv,1.04 GiB,1117958278,2026-06-02T19:57:24.083770922-07:00
/media/Downloads/qbittorrent/complete/sonarr/KonoSuba.An.Explosion.on.This.Wonderful.World.S01.1080p.BluRay.10-Bit.Dual-Audio.FLAC2.0.x265-YURASUKA/KonoSuba.An.Explosion.on.This.Wonderful.World.S01E03.1080p.BluRay.10-Bit.Dual-Audio.FLAC2.0.x265-YURASUKA.mkv,1.04 GiB,1112809954,2026-06-02T19:57:05.051686901-07:00
/media/Downloads/qbittorrent/complete/sonarr/Princess.Connect.Re.Dive.S02.1080p.BluRay.10-Bit.FLAC2.0.x265-YURASUKA/Princess.Connect.Re.Dive.S02E04.1080p.BluRay.10-Bit.FLAC2.0.x265-YURASUKA.mkv,1.04 GiB,1112583748,2026-06-06T19:47:03.835690068-07:00
/media/Downloads/qbittorrent/complete/sonarr/Clannad (2007) - S02E23 - The Event from One Year Before [Bluray-1080p][10bit][x265][Opus 2 0][JA EN]-ChucksMux.mkv,1.03 GiB,1101068589,2026-06-20T17:05:00.278638219-07:00
/media/Downloads/qbittorrent/complete/sonarr/Clannad (2007) - S01E11 - The After School Rhapsody [Bluray-1080p][10bit][x265][Opus 2 0][JA EN]-ChucksMux.mkv,1.02 GiB,1098500062,2026-06-20T16:42:57.223011192-07:00
/media/Downloads/qbittorrent/complete/sonarr/Clannad (2007) - S02E01 - A Farewell to the End of Summer [Bluray-1080p][10bit][x265][Opus 2 0][JA EN]-ChucksMux.mkv,1.01 GiB,1086380187,2026-06-20T16:56:44.48727568-07:00
/media/Downloads/qbittorrent/complete/sonarr/Clannad (2007) - S02E14 - A New Family [Bluray-1080p][10bit][x265][Opus 2 0][JA EN]-ChucksMux.mkv,1.01 GiB,1085477183,2026-06-20T17:01:47.94443726-07:00
/media/Downloads/qbittorrent/complete/sonarr/KonoSuba.An.Explosion.on.This.Wonderful.World.S01.1080p.BluRay.10-Bit.Dual-Audio.FLAC2.0.x265-YURASUKA/KonoSuba.An.Explosion.on.This.Wonderful.World.S01E10.1080p.BluRay.10-Bit.Dual-Audio.FLAC2.0.x265-YURASUKA.mkv,1.01 GiB,1082874923,2026-06-02T19:59:15.007877596-07:00
/media/Downloads/qbittorrent/complete/sonarr/Clannad (2007) - S01E03 - Once Again After Crying [Bluray-1080p][10bit][x265][Opus 2 0][JA EN]-ChucksMux.mkv,1.01 GiB,1080691827,2026-06-20T16:41:31.027817099-07:00
/media/Downloads/qbittorrent/complete/sonarr/Clannad (2007) - S01E13 - Garden of Memories [Bluray-1080p][10bit][x265][Opus 2 0][JA EN]-ChucksMux.mkv,1 GiB,1077121716,2026-06-20T16:43:47.818538137-07:00
/media/Downloads/qbittorrent/complete/sonarr/Clannad (2007) - S01E18 - Counter Measures [Bluray-1080p][10bit][x265][Opus 2 0][JA EN]-ChucksMux.mkv,1021.06 MiB,1070662130,2026-06-20T16:45:09.38177554-07:00
/media/Downloads/qbittorrent/complete/sonarr/KonoSuba.An.Explosion.on.This.Wonderful.World.S01.1080p.BluRay.10-Bit.Dual-Audio.FLAC2.0.x265-YURASUKA/KonoSuba.An.Explosion.on.This.Wonderful.World.S01E07.1080p.BluRay.10-Bit.Dual-Audio.FLAC2.0.x265-YURASUKA.mkv,1020.23 MiB,1069784111,2026-06-02T19:58:20.264068507-07:00
/media/Downloads/qbittorrent/complete/sonarr/KonoSuba.An.Explosion.on.This.Wonderful.World.S01.1080p.BluRay.10-Bit.Dual-Audio.FLAC2.0.x265-YURASUKA/KonoSuba.An.Explosion.on.This.Wonderful.World.S01E12.1080p.BluRay.10-Bit.Dual-Audio.FLAC2.0.x265-YURASUKA.mkv,1015.39 MiB,1064712107,2026-06-02T19:59:49.31155543-07:00
/media/Downloads/qbittorrent/complete/sonarr/Clannad (2007) - S01E17 - A Room Without Anyone [Bluray-1080p][10bit][x265][Opus 2 0][JA EN]-ChucksMux.mkv,1010 MiB,1059057119,2026-06-20T16:44:41.318037929-07:00
/media/Downloads/qbittorrent/complete/sonarr/The.Baby.Sitters.Club.2020.S01.1080p.NF.WEB-DL.DDP5.1.H.264-SKGTV/The.Baby.Sitters.Club.2020.S01E03.1080p.WEB.h264-SKGTV.mkv,1003.8 MiB,1052556818,2026-06-14T21:35:12.783714176-07:00
/media/Downloads/qbittorrent/complete/sonarr/Clannad (2007) - S02E11 - The Founders Day Festival Promise [Bluray-1080p][10bit][x265][Opus 2 0][JA EN]-ChucksMux.mkv,997.97 MiB,1046447769,2026-06-20T16:59:49.537544799-07:00
/media/Downloads/qbittorrent/complete/sonarr/Clannad (2007) - S01E05 - The Scenery with a Carving [Bluray-1080p][10bit][x265][Opus 2 0][JA EN]-ChucksMux.mkv,996.3 MiB,1044694477,2026-06-20T16:41:31.363813957-07:00
/media/Downloads/qbittorrent/complete/sonarr/Clannad (2007) - S02E06 - Forever by Your Side [Bluray-1080p][10bit][x265][Opus 2 0][JA EN]-ChucksMux.mkv,987.8 MiB,1035783914,2026-06-20T16:58:31.126278219-07:00
/media/Downloads/qbittorrent/complete/sonarr/KonoSuba.An.Explosion.on.This.Wonderful.World.S01.1080p.BluRay.10-Bit.Dual-Audio.FLAC2.0.x265-YURASUKA/KonoSuba.An.Explosion.on.This.Wonderful.World.S01E06.1080p.BluRay.10-Bit.Dual-Audio.FLAC2.0.x265-YURASUKA.mkv,982.67 MiB,1030409246,2026-06-02T19:58:01.279961865-07:00
/media/Downloads/qbittorrent/complete/sonarr/Clannad (2007) - S01E08 - The Wind That Vanishes Into Dusk [Bluray-1080p][10bit][x265][Opus 2 0][JA EN]-ChucksMux.mkv,978.09 MiB,1025598219,2026-06-20T16:43:00.466980861-07:00
/media/Downloads/qbittorrent/complete/cross-seed/Blutopia/Rick.and.Morty.S09E01.There's.Something.About.Morty.1080p.AMZN.WEB-DL.DDP5.1.H.2--0a99a8a1/Rick.and.Morty.S09E01.There's.Something.About.Morty.1080p.AMZN.WEB-DL.DDP5.1.H.264-playWEB.mkv,976.55 MiB,1023988172,2026-05-24T22:51:08.606868016-07:00
/media/Downloads/qbittorrent/complete/cross-seed/Seedpool/Rick.and.Morty.S09E01.There's.Something.About.Morty.1080p.AMZN.WEB-DL.DDP5.1.H.2--85a3c403/Rick.and.Morty.S09E01.There's.Something.About.Morty.1080p.AMZN.WEB-DL.DDP5.1.H.264-playWEB.mkv,976.55 MiB,1023988172,2026-05-24T22:51:08.606868016-07:00
/media/Downloads/qbittorrent/complete/sonarr/Rick.and.Morty.S09E01.There's.Something.About.Morty.1080p.AMZN.WEB-DL.DDP5.1.H.264-playWEB.mkv,976.55 MiB,1023988172,2026-05-24T22:51:08.606868016-07:00
/media/Downloads/qbittorrent/complete/sonarr/The.Baby.Sitters.Club.2020.S01.1080p.NF.WEB-DL.DDP5.1.H.264-SKGTV/The.Baby.Sitters.Club.2020.S01E04.1080p.WEB.h264-SKGTV.mkv,976.36 MiB,1023790410,2026-06-14T21:37:00.158763284-07:00
/media/Downloads/qbittorrent/complete/sonarr/Clannad (2007) - S01E09 - Until the End of the Dream [Bluray-1080p][10bit][x265][Opus 2 0][JA EN]-ChucksMux.mkv,973.28 MiB,1020553537,2026-06-20T16:41:33.959789685-07:00
/media/Downloads/qbittorrent/complete/sonarr/Clannad (2007) - S02E02 - In Search of False Love [Bluray-1080p][10bit][x265][Opus 2 0][JA EN]-ChucksMux.mkv,971.6 MiB,1018799793,2026-06-20T16:56:48.47923834-07:00
/media/Downloads/qbittorrent/complete/sonarr/Clannad (2007) - S01E07 - Star-Shaped Feelings [Bluray-1080p][10bit][x265][Opus 2 0][JA EN]-ChucksMux.mkv,966.73 MiB,1013693138,2026-06-20T16:41:56.631577709-07:00
/media/Downloads/qbittorrent/complete/sonarr/Clannad (2007) - S01E20 - A Hidden Past [Bluray-1080p][10bit][x265][Opus 2 0][JA EN]-ChucksMux.mkv,964.21 MiB,1011044153,2026-06-20T16:45:15.521718134-07:00
/media/Downloads/qbittorrent/complete/sonarr/Clannad (2007) - S02E20 - The Tidal Breezes Mischief [Bluray-1080p][10bit][x265][Opus 2 0][JA EN]-ChucksMux.mkv,953.28 MiB,999582692,2026-06-20T17:03:45.183340639-07:00
/media/Downloads/qbittorrent/complete/sonarr/Princess.Connect.Re.Dive.S02.1080p.BluRay.10-Bit.FLAC2.0.x265-YURASUKA/Princess.Connect.Re.Dive.S02E10.1080p.BluRay.10-Bit.FLAC2.0.x265-YURASUKA.mkv,953.11 MiB,999406399,2026-06-06T19:47:03.835690068-07:00
/media/Downloads/qbittorrent/complete/sonarr/[SubsPlease] Isekai Nonbiri Nouka S2 - 12 (1080p) [12C3D6B8].mkv,934.89 MiB,980308265,2026-06-22T07:26:00.22210573-07:00
/media/Downloads/qbittorrent/complete/sonarr/[SubsPlease] Isekai Nonbiri Nouka S2 - 08 (1080p) [02B5FDFE]/[SubsPlease] Isekai Nonbiri Nouka S2 - 08 (1080p) [02B5FDFE].mkv,933.41 MiB,978754188,2026-05-25T07:38:59.349096695-07:00
/media/Downloads/qbittorrent/complete/sonarr/[SubsPlease] Isekai Nonbiri Nouka S2 - 10 (1080p) [EAF81DE3].mkv,932.22 MiB,977506958,2026-06-08T07:40:00.306431679-07:00
/media/Downloads/qbittorrent/complete/sonarr/[SubsPlease] Isekai Nonbiri Nouka S2 - 11 (1080p) [288E8C79].mkv,932.17 MiB,977454455,2026-06-15T07:43:00.209612017-07:00
/media/Downloads/qbittorrent/complete/sonarr/Princess.Connect.Re.Dive.S02.1080p.BluRay.10-Bit.FLAC2.0.x265-YURASUKA/Princess.Connect.Re.Dive.S02E03.1080p.BluRay.10-Bit.FLAC2.0.x265-YURASUKA.mkv,924.81 MiB,969738019,2026-06-06T19:47:03.835690068-07:00
/media/Downloads/qbittorrent/complete/sonarr/Clannad (2007) - S02E05 - The Season You Were There [Bluray-1080p][10bit][x265][Opus 2 0][JA EN]-ChucksMux.mkv,924.13 MiB,969016495,2026-06-20T16:58:03.378537757-07:00
/media/Downloads/qbittorrent/complete/sonarr/Clannad (2007) - S01E19 - A New Life [Bluray-1080p][10bit][x265][Opus 2 0][JA EN]-ChucksMux.mkv,918.74 MiB,963371844,2026-06-20T16:46:00.545297182-07:00
/media/Downloads/qbittorrent/complete/sonarr/Clannad (2007) - S02E18 - The Ends of the Earth [Bluray-1080p][10bit][x265][Opus 2 0][JA EN]-ChucksMux.mkv,907.42 MiB,951498032,2026-06-20T17:03:44.391348047-07:00
/media/Downloads/qbittorrent/complete/sonarr/Clannad (2007) - S02E10 - A Season of Beginnings [Bluray-1080p][10bit][x265][Opus 2 0][JA EN]-ChucksMux.mkv,901.23 MiB,945005428,2026-06-20T17:01:01.11687528-07:00
/media/Downloads/qbittorrent/complete/sonarr/Clannad (2007) - S02E09 - Along the Path [Bluray-1080p][10bit][x265][Opus 2 0][JA EN]-ChucksMux.mkv,900.05 MiB,943766329,2026-06-20T16:59:21.037811371-07:00
/media/Downloads/qbittorrent/complete/sonarr/The.Baby.Sitters.Club.2020.S01.1080p.NF.WEB-DL.DDP5.1.H.264-SKGTV/The.Baby.Sitters.Club.2020.S01E08.1080p.WEB.h264-SKGTV.mkv,899.94 MiB,943655800,2026-06-14T21:37:00.158763284-07:00
/media/Downloads/qbittorrent/complete/sonarr/Princess.Connect.Re.Dive.S01.1080p.BluRay.10-Bit.FLAC2.0.x265-YURASUKA/Princess.Connect.Re.Dive.S01E12.1080p.BluRay.10-Bit.FLAC2.0.x265-YURASUKA.mkv,899.2 MiB,942879013,2026-06-06T19:47:00.275724995-07:00
/media/Downloads/qbittorrent/complete/sonarr/Rick.and.Morty.S09E02.MULTi.1080p.WEB.H264-FW/Rick.and.Morty.S09E02.MULTi.1080p.WEB.H264-FW.mkv,873.94 MiB,916394193,2026-06-02T19:56:04.391535587-07:00
/media/Downloads/qbittorrent/complete/sonarr/The.Helpful.Fox.Senko-san.S01.1080p.BluRay.10-Bit.Dual-Audio.FLAC5.1.x265-YURASUKA/The.Helpful.Fox.Senko-san.S01E08.1080p.BluRay.10-Bit.Dual-Audio.FLAC5.1.x265-YURASUKA.mkv,868.82 MiB,911023818,2026-06-07T08:02:00.271251858-07:00
/media/Downloads/qbittorrent/complete/sonarr/Clannad (2007) - S02E07 - Where She Belongs [Bluray-1080p][10bit][x265][Opus 2 0][JA EN]-ChucksMux.mkv,864.63 MiB,906630648,2026-06-20T16:58:03.626535438-07:00
/media/Downloads/qbittorrent/complete/sonarr/Clannad (2007) - S02E03 - Hearts Out of Synch [Bluray-1080p][10bit][x265][Opus 2 0][JA EN]-ChucksMux.mkv,861.72 MiB,903582934,2026-06-20T16:58:02.486546101-07:00
/media/Downloads/qbittorrent/complete/sonarr/Clannad (2007) - S02E15 - In the Remains of Summer [Bluray-1080p][10bit][x265][Opus 2 0][JA EN]-ChucksMux.mkv,861.62 MiB,903472964,2026-06-20T17:01:28.99661449-07:00
/media/Downloads/qbittorrent/complete/sonarr/Princess.Connect.Re.Dive.S02.1080p.BluRay.10-Bit.FLAC2.0.x265-YURASUKA/Princess.Connect.Re.Dive.S02E07.1080p.BluRay.10-Bit.FLAC2.0.x265-YURASUKA.mkv,858.31 MiB,900008461,2026-06-06T19:47:03.835690068-07:00
/media/Downloads/qbittorrent/complete/sonarr/The.Baby.Sitters.Club.2020.S01.1080p.NF.WEB-DL.DDP5.1.H.264-SKGTV/The.Baby.Sitters.Club.2020.S01E07.1080p.WEB.h264-SKGTV.mkv,838.58 MiB,879320056,2026-06-14T21:37:00.158763284-07:00
/media/Downloads/qbittorrent/complete/sonarr/Princess.Connect.Re.Dive.S01.1080p.BluRay.10-Bit.FLAC2.0.x265-YURASUKA/Princess.Connect.Re.Dive.S01E02.1080p.BluRay.10-Bit.FLAC2.0.x265-YURASUKA.mkv,830.13 MiB,870454071,2026-06-06T19:47:00.271725034-07:00
/media/Downloads/qbittorrent/complete/sonarr/Clannad (2007) - S02E19 - The Road Home [Bluray-1080p][10bit][x265][Opus 2 0][JA EN]-ChucksMux.mkv,820.05 MiB,859885869,2026-06-20T17:04:09.759110762-07:00
/media/Downloads/qbittorrent/complete/sonarr/Mission.Yozakura.Family.S02E08.Ais.Errand-Mutsumis.Major.Diet.Mission.1080p.DSNP.WEB-DL.AAC2.0.H.264-VARYG.mkv,818.91 MiB,858685224,2026-06-02T19:55:33.019582771-07:00
/media/Downloads/qbittorrent/complete/sonarr/Princess.Connect.Re.Dive.S01.1080p.BluRay.10-Bit.FLAC2.0.x265-YURASUKA/Princess.Connect.Re.Dive.S01E13.1080p.BluRay.10-Bit.FLAC2.0.x265-YURASUKA.mkv,791.34 MiB,829782961,2026-06-06T19:47:00.271725034-07:00
/media/Downloads/qbittorrent/complete/cross-seed/DarkPeers/Rick.and.Morty.S09E03.Rick.Fu.Hustle.1080p.AMZN.WEB-DL.DDP5.1.H.264-playWEB.mkv--c614ea15/Rick.and.Morty.S09E03.Rick.Fu.Hustle.1080p.AMZN.WEB-DL.DDP5.1.H.264-playWEB.mkv,783 MiB,821039880,2026-06-07T20:35:00.27165134-07:00
/media/Downloads/qbittorrent/complete/cross-seed/TorrentLeech/Rick.and.Morty.S09E03.Rick.Fu.Hustle.1080p.AMZN.WEB-DL.DDP5.1.H.264-playWEB.mkv--004abe63/Rick.and.Morty.S09E03.Rick.Fu.Hustle.1080p.AMZN.WEB-DL.DDP5.1.H.264-playWEB.mkv,783 MiB,821039880,2026-06-07T20:35:00.27165134-07:00
/media/Downloads/qbittorrent/complete/sonarr/Rick.and.Morty.S09E03.Rick.Fu.Hustle.1080p.AMZN.WEB-DL.DDP5.1.H.264-playWEB.mkv,783 MiB,821039880,2026-06-07T20:35:00.27165134-07:00
/media/Downloads/qbittorrent/complete/sonarr/Princess.Connect.Re.Dive.S02.1080p.BluRay.10-Bit.FLAC2.0.x265-YURASUKA/Princess.Connect.Re.Dive.S02E02.1080p.BluRay.10-Bit.FLAC2.0.x265-YURASUKA.mkv,781.07 MiB,819014851,2026-06-06T19:47:03.835690068-07:00
/media/Downloads/qbittorrent/complete/sonarr/The.Baby.Sitters.Club.2020.S01.1080p.NF.WEB-DL.DDP5.1.H.264-SKGTV/The.Baby.Sitters.Club.2020.S01E02.1080p.WEB.h264-SKGTV.mkv,769.27 MiB,806637235,2026-06-14T21:35:12.50771662-07:00
/media/Downloads/qbittorrent/complete/sonarr/The.Helpful.Fox.Senko-san.S01.1080p.BluRay.10-Bit.Dual-Audio.FLAC5.1.x265-YURASUKA/The.Helpful.Fox.Senko-san.S01E12.1080p.BluRay.10-Bit.Dual-Audio.FLAC5.1.x265-YURASUKA.mkv,758.01 MiB,794826091,2026-06-07T08:02:00.271251858-07:00
/media/Downloads/qbittorrent/complete/sonarr/The.Helpful.Fox.Senko-san.S01.1080p.BluRay.10-Bit.Dual-Audio.FLAC5.1.x265-YURASUKA/The.Helpful.Fox.Senko-san.S01E01.1080p.BluRay.10-Bit.Dual-Audio.FLAC5.1.x265-YURASUKA.mkv,754.2 MiB,790836354,2026-06-07T07:55:00.811876938-07:00
/media/Downloads/qbittorrent/complete/sonarr/The.Baby.Sitters.Club.2020.S01.1080p.NF.WEB-DL.DDP5.1.H.264-SKGTV/The.Baby.Sitters.Club.2020.S01E05.1080p.WEB.h264-SKGTV.mkv,753.12 MiB,789699470,2026-06-14T21:37:00.158763284-07:00
/media/Downloads/qbittorrent/complete/sonarr/The.Helpful.Fox.Senko-san.S01.1080p.BluRay.10-Bit.Dual-Audio.FLAC5.1.x265-YURASUKA/The.Helpful.Fox.Senko-san.S01E05.1080p.BluRay.10-Bit.Dual-Audio.FLAC5.1.x265-YURASUKA.mkv,744.23 MiB,780381952,2026-06-07T08:02:00.271251858-07:00
/media/Downloads/qbittorrent/complete/sonarr/Princess.Connect.Re.Dive.S01.1080p.BluRay.10-Bit.FLAC2.0.x265-YURASUKA/Princess.Connect.Re.Dive.S01E08.1080p.BluRay.10-Bit.FLAC2.0.x265-YURASUKA.mkv,733.54 MiB,769170699,2026-06-06T19:47:00.271725034-07:00
/media/Downloads/qbittorrent/complete/sonarr/Princess.Connect.Re.Dive.S02.1080p.BluRay.10-Bit.FLAC2.0.x265-YURASUKA/Princess.Connect.Re.Dive.S02E06.1080p.BluRay.10-Bit.FLAC2.0.x265-YURASUKA.mkv,730.69 MiB,766182563,2026-06-06T19:47:03.835690068-07:00
/media/Downloads/qbittorrent/complete/sonarr/Rick.and.Morty.S09E04.A.Ricker.Runs.Through.It.1080p.AMZN.WEB-DL.DDP5.1.H.264-N1H4L.mkv,729.98 MiB,765441224,2026-06-14T20:33:00.275790961-07:00
/media/Downloads/qbittorrent/complete/sonarr/Princess.Connect.Re.Dive.S02.1080p.BluRay.10-Bit.FLAC2.0.x265-YURASUKA/Princess.Connect.Re.Dive.S02E08.1080p.BluRay.10-Bit.FLAC2.0.x265-YURASUKA.mkv,718.45 MiB,753350946,2026-06-06T19:47:03.835690068-07:00
/media/Downloads/qbittorrent/complete/sonarr/The.Helpful.Fox.Senko-san.S01.1080p.BluRay.10-Bit.Dual-Audio.FLAC5.1.x265-YURASUKA/The.Helpful.Fox.Senko-san.S01E10.1080p.BluRay.10-Bit.Dual-Audio.FLAC5.1.x265-YURASUKA.mkv,717.43 MiB,752284948,2026-06-07T08:02:00.267251904-07:00
/media/Downloads/qbittorrent/complete/sonarr/Princess.Connect.Re.Dive.S01.1080p.BluRay.10-Bit.FLAC2.0.x265-YURASUKA/Princess.Connect.Re.Dive.S01E11.1080p.BluRay.10-Bit.FLAC2.0.x265-YURASUKA.mkv,714.82 MiB,749541233,2026-06-06T19:47:00.275724995-07:00
/media/Downloads/qbittorrent/complete/sonarr/Princess.Connect.Re.Dive.S01.1080p.BluRay.10-Bit.FLAC2.0.x265-YURASUKA/Princess.Connect.Re.Dive.S01E01.1080p.BluRay.10-Bit.FLAC2.0.x265-YURASUKA.mkv,709.29 MiB,743746316,2026-06-06T19:47:00.271725034-07:00
/media/Downloads/qbittorrent/complete/sonarr/The.Helpful.Fox.Senko-san.S01.1080p.BluRay.10-Bit.Dual-Audio.FLAC5.1.x265-YURASUKA/The.Helpful.Fox.Senko-san.S01E04.1080p.BluRay.10-Bit.Dual-Audio.FLAC5.1.x265-YURASUKA.mkv,704.28 MiB,738489976,2026-06-07T08:02:00.271251858-07:00
/media/Downloads/qbittorrent/complete/sonarr/The.Helpful.Fox.Senko-san.S01.1080p.BluRay.10-Bit.Dual-Audio.FLAC5.1.x265-YURASUKA/The.Helpful.Fox.Senko-san.S01E02.1080p.BluRay.10-Bit.Dual-Audio.FLAC5.1.x265-YURASUKA.mkv,693.33 MiB,727006270,2026-06-07T08:01:05.463863858-07:00
/media/Downloads/qbittorrent/complete/sonarr/Princess.Connect.Re.Dive.S01.1080p.BluRay.10-Bit.FLAC2.0.x265-YURASUKA/Princess.Connect.Re.Dive.S01E06.1080p.BluRay.10-Bit.FLAC2.0.x265-YURASUKA.mkv,692.2 MiB,725825158,2026-06-06T19:47:00.275724995-07:00
/media/Downloads/qbittorrent/complete/sonarr/The.Helpful.Fox.Senko-san.S01.1080p.BluRay.10-Bit.Dual-Audio.FLAC5.1.x265-YURASUKA/The.Helpful.Fox.Senko-san.S01E06.1080p.BluRay.10-Bit.Dual-Audio.FLAC5.1.x265-YURASUKA.mkv,689.2 MiB,722682635,2026-06-07T08:02:00.271251858-07:00
/media/Downloads/qbittorrent/complete/sonarr/The.Helpful.Fox.Senko-san.S01.1080p.BluRay.10-Bit.Dual-Audio.FLAC5.1.x265-YURASUKA/The.Helpful.Fox.Senko-san.S01E03.1080p.BluRay.10-Bit.Dual-Audio.FLAC5.1.x265-YURASUKA.mkv,676.79 MiB,709664173,2026-06-07T08:00:27.724279193-07:00
/media/Downloads/qbittorrent/complete/sonarr/The.Helpful.Fox.Senko-san.S01.1080p.BluRay.10-Bit.Dual-Audio.FLAC5.1.x265-YURASUKA/The.Helpful.Fox.Senko-san.S01E07.1080p.BluRay.10-Bit.Dual-Audio.FLAC5.1.x265-YURASUKA.mkv,672.88 MiB,705567088,2026-06-07T08:02:00.271251858-07:00
/media/Downloads/qbittorrent/complete/sonarr/Princess.Connect.Re.Dive.S01.1080p.BluRay.10-Bit.FLAC2.0.x265-YURASUKA/Princess.Connect.Re.Dive.S01E09.1080p.BluRay.10-Bit.FLAC2.0.x265-YURASUKA.mkv,670.35 MiB,702911942,2026-06-06T19:47:00.275724995-07:00
/media/Downloads/qbittorrent/complete/sonarr/Princess.Connect.Re.Dive.S01.1080p.BluRay.10-Bit.FLAC2.0.x265-YURASUKA/Princess.Connect.Re.Dive.S01E04.1080p.BluRay.10-Bit.FLAC2.0.x265-YURASUKA.mkv,658.91 MiB,690920620,2026-06-06T19:47:00.271725034-07:00
/media/Downloads/qbittorrent/complete/sonarr/The.Helpful.Fox.Senko-san.S01.1080p.BluRay.10-Bit.Dual-Audio.FLAC5.1.x265-YURASUKA/The.Helpful.Fox.Senko-san.S01E09.1080p.BluRay.10-Bit.Dual-Audio.FLAC5.1.x265-YURASUKA.mkv,655.58 MiB,687422767,2026-06-07T08:01:16.171746014-07:00
/media/Downloads/qbittorrent/complete/sonarr/Plastic.Memories.S01.1080p.BluRay.10-Bit.FLAC2.0.x265-YURASUKA/Plastic.Memories.S01E03.1080p.BluRay.10-Bit.FLAC2.0.x265-YURASUKA.mkv,643.02 MiB,674256035,2026-06-06T17:53:00.295565148-07:00
/media/Downloads/qbittorrent/complete/sonarr/The.Helpful.Fox.Senko-san.S01.1080p.BluRay.10-Bit.Dual-Audio.FLAC5.1.x265-YURASUKA/The.Helpful.Fox.Senko-san.S01E11.1080p.BluRay.10-Bit.Dual-Audio.FLAC5.1.x265-YURASUKA.mkv,638.57 MiB,669591076,2026-06-07T08:02:00.271251858-07:00
/media/Downloads/qbittorrent/complete/sonarr/Plastic.Memories.S01.1080p.BluRay.10-Bit.FLAC2.0.x265-YURASUKA/Plastic.Memories.S01E04.1080p.BluRay.10-Bit.FLAC2.0.x265-YURASUKA.mkv,631.47 MiB,662141311,2026-06-06T17:53:00.299565108-07:00
/media/Downloads/qbittorrent/complete/sonarr/Plastic.Memories.S01.1080p.BluRay.10-Bit.FLAC2.0.x265-YURASUKA/Plastic.Memories.S01E05.1080p.BluRay.10-Bit.FLAC2.0.x265-YURASUKA.mkv,623.37 MiB,653652495,2026-06-06T17:53:00.295565148-07:00
/media/Downloads/qbittorrent/complete/sonarr/Plastic.Memories.S01.1080p.BluRay.10-Bit.FLAC2.0.x265-YURASUKA/Plastic.Memories.S01E07.1080p.BluRay.10-Bit.FLAC2.0.x265-YURASUKA.mkv,623.07 MiB,653334131,2026-06-06T17:53:00.299565108-07:00
/media/Downloads/qbittorrent/complete/sonarr/Princess.Connect.Re.Dive.S01.1080p.BluRay.10-Bit.FLAC2.0.x265-YURASUKA/Princess.Connect.Re.Dive.S01E05.1080p.BluRay.10-Bit.FLAC2.0.x265-YURASUKA.mkv,621.02 MiB,651186913,2026-06-06T19:47:00.275724995-07:00
/media/Downloads/qbittorrent/complete/sonarr/Plastic.Memories.S01.1080p.BluRay.10-Bit.FLAC2.0.x265-YURASUKA/Plastic.Memories.S01E12.1080p.BluRay.10-Bit.FLAC2.0.x265-YURASUKA.mkv,614.16 MiB,643991891,2026-06-06T17:53:00.295565148-07:00
/media/Downloads/qbittorrent/complete/sonarr/Plastic.Memories.S01.1080p.BluRay.10-Bit.FLAC2.0.x265-YURASUKA/Plastic.Memories.S01E01.1080p.BluRay.10-Bit.FLAC2.0.x265-YURASUKA.mkv,605.63 MiB,635044065,2026-06-06T17:53:00.295565148-07:00
/media/Downloads/qbittorrent/complete/sonarr/Princess.Connect.Re.Dive.S01.1080p.BluRay.10-Bit.FLAC2.0.x265-YURASUKA/Princess.Connect.Re.Dive.S01E03.1080p.BluRay.10-Bit.FLAC2.0.x265-YURASUKA.mkv,605.53 MiB,634947942,2026-06-06T19:47:00.275724995-07:00
/media/Downloads/qbittorrent/complete/sonarr/Princess.Connect.Re.Dive.S01.1080p.BluRay.10-Bit.FLAC2.0.x265-YURASUKA/Princess.Connect.Re.Dive.S01E10.1080p.BluRay.10-Bit.FLAC2.0.x265-YURASUKA.mkv,602.18 MiB,631427713,2026-06-06T19:47:00.271725034-07:00
/media/Downloads/qbittorrent/complete/sonarr/The.Baby.Sitters.Club.2020.S01.1080p.NF.WEB-DL.DDP5.1.H.264-SKGTV/The.Baby.Sitters.Club.2020.S01E06.1080p.WEB.h264-SKGTV.mkv,592.56 MiB,621344721,2026-06-14T21:37:00.158763284-07:00
/media/Downloads/qbittorrent/complete/sonarr/Plastic.Memories.S01.1080p.BluRay.10-Bit.FLAC2.0.x265-YURASUKA/Plastic.Memories.S01E11.1080p.BluRay.10-Bit.FLAC2.0.x265-YURASUKA.mkv,591.49 MiB,620225841,2026-06-06T17:53:00.295565148-07:00
/media/Downloads/qbittorrent/complete/sonarr/Plastic.Memories.S01.1080p.BluRay.10-Bit.FLAC2.0.x265-YURASUKA/Plastic.Memories.S01E10.1080p.BluRay.10-Bit.FLAC2.0.x265-YURASUKA.mkv,582.04 MiB,610312263,2026-06-06T17:53:00.299565108-07:00
/media/Downloads/qbittorrent/complete/sonarr/Plastic.Memories.S01.1080p.BluRay.10-Bit.FLAC2.0.x265-YURASUKA/Plastic.Memories.S01E02.1080p.BluRay.10-Bit.FLAC2.0.x265-YURASUKA.mkv,577.69 MiB,605749802,2026-06-06T17:53:00.295565148-07:00
/media/Downloads/qbittorrent/complete/sonarr/Plastic.Memories.S01.1080p.BluRay.10-Bit.FLAC2.0.x265-YURASUKA/Plastic.Memories.S01E09.1080p.BluRay.10-Bit.FLAC2.0.x265-YURASUKA.mkv,542.04 MiB,568371753,2026-06-06T17:53:00.295565148-07:00
/media/Downloads/qbittorrent/complete/sonarr/Plastic.Memories.S01.1080p.BluRay.10-Bit.FLAC2.0.x265-YURASUKA/Plastic.Memories.S01E08.1080p.BluRay.10-Bit.FLAC2.0.x265-YURASUKA.mkv,535.05 MiB,561037583,2026-06-06T17:53:00.299565108-07:00
/media/Downloads/qbittorrent/complete/sonarr/Plastic.Memories.S01.1080p.BluRay.10-Bit.FLAC2.0.x265-YURASUKA/Plastic.Memories.S01E06.1080p.BluRay.10-Bit.FLAC2.0.x265-YURASUKA.mkv,529.22 MiB,554925487,2026-06-06T17:53:00.295565148-07:00
/media/Downloads/qbittorrent/complete/sonarr/Plastic.Memories.S01.1080p.BluRay.10-Bit.FLAC2.0.x265-YURASUKA/Plastic.Memories.S01E13.1080p.BluRay.10-Bit.FLAC2.0.x265-YURASUKA.mkv,525.33 MiB,550847902,2026-06-06T17:53:00.299565108-07:00
/media/Downloads/qbittorrent/complete/sonarr/Ghost.Whisperer.S05E19.1080p.WEB.H264-SHIIIT/Sample/shiiit-ghost.whisperer.s05e19.1080p.web.h264-sample.mkv,68.41 MiB,71737203,2026-06-23T00:26:00.428207673-07:00
/media/Downloads/qbittorrent/complete/sonarr/Ghost.Whisperer.S02E21.1080p.WEB.H264-SHIIIT/Sample/shiiit-ghost.whisperer.s02e21.1080p.web.h264-sample.mkv,63.97 MiB,67072853,2026-06-23T00:40:00.881804993-07:00
/media/Downloads/qbittorrent/complete/sonarr/Ghost.Whisperer.S04E22.1080p.WEB.H264-SHIIIT/Sample/shiiit-ghost.whisperer.s04e22.1080p.web.h264-sample.mkv,63.13 MiB,66198499,2026-06-23T00:57:00.314032807-07:00
/media/Downloads/qbittorrent/complete/sonarr/Ghost.Whisperer.S03E15.1080p.WEB.H264-SHIIIT/Sample/shiiit-ghost.whisperer.s03e15.1080p.web.h264-sample.mkv,56.34 MiB,59076359,2026-06-23T05:31:00.579268659-07:00
/media/Downloads/qbittorrent/complete/sonarr/Ghost.Whisperer.S02E22.1080p.WEB.H264-SHIIIT/Sample/shiiit-ghost.whisperer.s02e22.1080p.web.h264-sample.mkv,56.25 MiB,58982242,2026-06-23T00:42:00.732890803-07:00
/media/Downloads/qbittorrent/complete/sonarr/Ghost.Whisperer.S04E21.1080p.WEB.H264-SHIIIT/Sample/shiiit-ghost.whisperer.s04e21.1080p.web.h264-sample.mkv,54.09 MiB,56712242,2026-06-23T00:55:00.610944457-07:00
/media/Downloads/qbittorrent/complete/sonarr/Ghost.Whisperer.S02E04.1080p.WEB.H264-SHIIIT/Sample/shiiit-ghost.whisperer.s02e04.1080p.web.h264-sample.mkv,53.82 MiB,56433227,2026-06-23T00:42:38.452603085-07:00
/media/Downloads/qbittorrent/complete/sonarr/Ghost.Whisperer.S01E01.1080p.WEB.H264-SHIIIT/Sample/shiiit-ghost.whisperer.s01e01.1080p.web.h264-sample.mkv,53.33 MiB,55921109,2026-06-22T23:27:28.035130826-07:00
/media/Downloads/qbittorrent/complete/sonarr/Ghost.Whisperer.S05E20.1080p.WEB.H264-SHIIIT/Sample/shiiit-ghost.whisperer.s05e20.1080p.web.h264-sample.mkv,50.4 MiB,52845565,2026-06-23T00:28:39.834994267-07:00
/media/Downloads/qbittorrent/complete/sonarr/Ghost.Whisperer.S03E13.1080p.WEB.H264-SHIIIT/Sample/shiiit-ghost.whisperer.s03e13.1080p.web.h264-sample.mkv,47.52 MiB,49829775,2026-06-22T23:32:00.549028673-07:00
/media/Downloads/qbittorrent/complete/sonarr/Rick.and.Morty.S09E02.MULTi.1080p.WEB.H264-FW/Rick.and.Morty.S09E02.MULTi.1080p.WEB.H264-FW.nfo,5.44 KiB,5567,2026-06-02T19:56:01.895535132-07:00
/media/Downloads/qbittorrent/complete/sonarr/[SubsPlease] Class de 2-banme ni Kawaii Onnanoko to Tomodachi ni Natta - 08 (1080p) [35484ADC]/[SubsPlease] Class de 2-banme ni Kawaii Onnanoko to Tomodachi ni Natta - 08 (1080p) [35484ADC].nfo,5.14 KiB,5267,2026-05-26T08:35:16.092199645-07:00
/media/Downloads/qbittorrent/complete/sonarr/[SubsPlease] Tensei Shitara Slime Datta Ken S4 - 09 (1080p) [961605DA]/[SubsPlease] Tensei Shitara Slime Datta Ken S4 - 09 (1080p) [961605DA].nfo,5.12 KiB,5240,2026-06-05T08:39:00.259761139-07:00
/media/Downloads/qbittorrent/complete/sonarr/[SubsPlease] Isekai Nonbiri Nouka S2 - 08 (1080p) [02B5FDFE]/[SubsPlease] Isekai Nonbiri Nouka S2 - 08 (1080p) [02B5FDFE].nfo,4.84 KiB,4960,2026-05-25T07:38:55.02514287-07:00
/media/Downloads/qbittorrent/complete/sonarr/Ghost.Whisperer.S02E04.1080p.WEB.H264-SHIIIT/shiiit-ghost.whisperer.s02e04.1080p.web.h264.srr,3.94 KiB,4034,2026-06-23T00:45:00.635518544-07:00
/media/Downloads/qbittorrent/complete/sonarr/Ghost.Whisperer.S02E21.1080p.WEB.H264-SHIIIT/shiiit-ghost.whisperer.s02e21.1080p.web.h264.srr,3.94 KiB,4034,2026-06-23T00:40:00.877805024-07:00
/media/Downloads/qbittorrent/complete/sonarr/Ghost.Whisperer.S02E22.1080p.WEB.H264-SHIIIT/shiiit-ghost.whisperer.s02e22.1080p.web.h264.srr,3.94 KiB,4034,2026-06-23T00:42:00.732890803-07:00
/media/Downloads/qbittorrent/complete/sonarr/Ghost.Whisperer.S03E13.1080p.WEB.H264-SHIIIT/shiiit-ghost.whisperer.s03e13.1080p.web.h264.srr,3.94 KiB,4034,2026-06-22T23:32:00.545028705-07:00
/media/Downloads/qbittorrent/complete/sonarr/Ghost.Whisperer.S04E21.1080p.WEB.H264-SHIIIT/shiiit-ghost.whisperer.s04e21.1080p.web.h264.srr,3.94 KiB,4034,2026-06-23T00:55:00.610944457-07:00
/media/Downloads/qbittorrent/complete/sonarr/Ghost.Whisperer.S04E22.1080p.WEB.H264-SHIIIT/shiiit-ghost.whisperer.s04e22.1080p.web.h264.srr,3.94 KiB,4034,2026-06-23T00:57:00.310032838-07:00
/media/Downloads/qbittorrent/complete/sonarr/Ghost.Whisperer.S05E20.1080p.WEB.H264-SHIIIT/shiiit-ghost.whisperer.s05e20.1080p.web.h264.srr,3.94 KiB,4034,2026-06-23T00:28:39.834994267-07:00
/media/Downloads/qbittorrent/complete/sonarr/Ghost.Whisperer.S03E15.1080p.WEB.H264-SHIIIT/shiiit-ghost.whisperer.s03e15.1080p.web.h264.srr,3.94 KiB,4033,2026-06-23T05:31:00.57526869-07:00
/media/Downloads/qbittorrent/complete/sonarr/Ghost.Whisperer.S01E01.1080p.WEB.H264-SHIIIT/shiiit-ghost.whisperer.s01e01.1080p.web.h264.srr,3.78 KiB,3870,2026-06-22T23:24:38.272432016-07:00
/media/Downloads/qbittorrent/complete/sonarr/Ghost.Whisperer.S05E19.1080p.WEB.H264-SHIIIT/shiiit-ghost.whisperer.s05e19.1080p.web.h264.srr,3.78 KiB,3869,2026-06-23T00:26:00.428207673-07:00
/media/Downloads/qbittorrent/complete/sonarr/Ghost.Whisperer.S05E20.1080p.WEB.H264-SHIIIT/tvmaze.nfo,2.47 KiB,2534,2026-06-23T00:28:39.834994267-07:00
/media/Downloads/qbittorrent/complete/sonarr/Ghost.Whisperer.S02E04.1080p.WEB.H264-SHIIIT/shiiit-ghost.whisperer.s02e04.1080p.web.h264.nfo,1.54 KiB,1576,2026-06-23T00:45:00.639518514-07:00
/media/Downloads/qbittorrent/complete/sonarr/Ghost.Whisperer.S02E21.1080p.WEB.H264-SHIIIT/shiiit-ghost.whisperer.s02e21.1080p.web.h264.nfo,1.54 KiB,1576,2026-06-23T00:40:00.877805024-07:00
/media/Downloads/qbittorrent/complete/sonarr/Ghost.Whisperer.S02E22.1080p.WEB.H264-SHIIIT/shiiit-ghost.whisperer.s02e22.1080p.web.h264.nfo,1.54 KiB,1576,2026-06-23T00:42:00.732890803-07:00
/media/Downloads/qbittorrent/complete/sonarr/Ghost.Whisperer.S03E13.1080p.WEB.H264-SHIIIT/shiiit-ghost.whisperer.s03e13.1080p.web.h264.nfo,1.54 KiB,1576,2026-06-22T23:32:00.545028705-07:00
/media/Downloads/qbittorrent/complete/sonarr/Ghost.Whisperer.S04E21.1080p.WEB.H264-SHIIIT/shiiit-ghost.whisperer.s04e21.1080p.web.h264.nfo,1.54 KiB,1576,2026-06-23T00:55:00.610944457-07:00
/media/Downloads/qbittorrent/complete/sonarr/Ghost.Whisperer.S04E22.1080p.WEB.H264-SHIIIT/shiiit-ghost.whisperer.s04e22.1080p.web.h264.nfo,1.54 KiB,1576,2026-06-23T00:57:00.310032838-07:00
/media/Downloads/qbittorrent/complete/sonarr/Ghost.Whisperer.S05E20.1080p.WEB.H264-SHIIIT/shiiit-ghost.whisperer.s05e20.1080p.web.h264.nfo,1.54 KiB,1576,2026-06-23T00:28:39.834994267-07:00
/media/Downloads/qbittorrent/complete/sonarr/Ghost.Whisperer.S03E15.1080p.WEB.H264-SHIIIT/shiiit-ghost.whisperer.s03e15.1080p.web.h264.nfo,1.54 KiB,1575,2026-06-23T05:31:00.57526869-07:00
/media/Downloads/qbittorrent/complete/sonarr/Ghost.Whisperer.S01E01.1080p.WEB.H264-SHIIIT/shiiit-ghost.whisperer.s01e01.1080p.web.h264.nfo,1.38 KiB,1412,2026-06-22T23:24:38.272432016-07:00
/media/Downloads/qbittorrent/complete/sonarr/Ghost.Whisperer.S05E19.1080p.WEB.H264-SHIIIT/shiiit-ghost.whisperer.s05e19.1080p.web.h264.nfo,1.38 KiB,1411,2026-06-23T00:26:00.424207703-07:00